{
  "runtimeOptions": {
    "tfm": "net8.0",
    "frameworks": [
      {
        "name": "Microsoft.NETCore.App",
        "version": "8.0.0-preview.7.23375.6"
      },
      {
        "name": "Microsoft.WindowsDesktop.App",
        "version": "8.0.0-preview.7.23376.1"
      },
      {
        "name": "Microsoft.AspNetCore.App",
        "version": "8.0.0-preview.7.23375.9"
      }
    ],
    "configProperties": {
      "System.Runtime.Serialization.EnableUnsafeBinaryFormatterSerialization": true
    }
  }
}