<?xml version="1.0" encoding="UTF-8" standalone="no"?>
<BlockMap xmlns="http://schemas.microsoft.com/appx/2010/blockmap" HashMethod="http://www.w3.org/2001/04/xmlenc#sha256"><File Name="SharpDX.DXGI.dll" Size="111616" LfhSize="46"><Block Hash="bmM+8qLN+zB7QyYd6ULF/rYlWY8f+/cHoRk/N1YnKeo=" Size="23420"/><Block Hash="Le3TK3UfHPVJx2nRLiR1y2DOEMS6TrpGKHOYaOqGJr0=" Size="11128"/></File><File Name="SharpDX.D3DCompiler.dll" Size="54272" LfhSize="53"><Block Hash="Dmej7MiV94mX7E7ueGRXV+L/H6aVCP/jGXf6L4ZZkcc=" Size="21993"/></File><File Name="SharpDX.XAudio2.dll" Size="75776" LfhSize="49"><Block Hash="2xFUT+E1T2RUBFjX8Zh+RZhKLMms8KLFX/gaOsYxlLk=" Size="23748"/><Block Hash="oCBh++dUD02VSAoYakHrjLTy10tguWaX+5iEXU9YKi0=" Size="4448"/></File><File Name="SharpDX.Direct3D11.dll" Size="241152" LfhSize="52"><Block Hash="zSMFbRNwjQ+/3KSTdIiBRJETUfX0cZLgGhPYF0pMGh8=" Size="17325"/><Block Hash="Au5Z2Ot3Z4s2O+jR98gxnVn6g5dFRd69kER9o6xYT44=" Size="25381"/><Block Hash="N5zwC3cWrd/qZV6MrE++gG9Ap2mxmf2Hh38ysM5yc/s=" Size="14946"/><Block Hash="btj7Qtlf2H7gKMxFd9KtiKcbMBJrpLLW2L8c8ybM4RE=" Size="18065"/></File><File Name="SharpDX.dll" Size="549888" LfhSize="41"><Block Hash="TlCLVbtFgY1c4zb3UMzY3heMGYX7Tj8ilswPF5FQQec=" Size="21924"/><Block Hash="JdLPKUPQ6MdZ1mlEjCtpyhpGZr4TdVkooddM6sedKWk=" Size="21963"/><Block Hash="yVulABLw2Ykw/p8CKwmZlgcwvNAH2MrmomsOSdgaoGY=" Size="21614"/><Block Hash="zqMVnsgetsYQ27CV3ZhKMNT6FC2HZD261kCSoG353jI=" Size="26193"/><Block Hash="DLsbnav659K7lPt66eYvgWsJGo1Kv1LWeMQpDjDA9Ms=" Size="24492"/><Block Hash="8WLITs4rRhbe/8IdLepJXTRmkT+G5rpRpQo6qO4976Y=" Size="28333"/><Block Hash="w5Kdcd+qhXDGOhPDlN0Hl6qUWwjbHFqft0+ZHYlB1Wk=" Size="22616"/><Block Hash="zGlSh2iRwdzGWkzQaHOTtqiwedGyIuPnjeZ5YDAIar8=" Size="23157"/><Block Hash="XoOBWv76zW9dG6cVrJF77Phkv2SHPkQlWHVDlqCTreo=" Size="9904"/></File><File Name="FlurryWin8SDK.winmd" Size="74240" LfhSize="49"><Block Hash="P0jA1VQgagmYasKzTMVfVL0XTs41BgB/a9xxKavxZbQ=" Size="28708"/><Block Hash="VU+i6AHAZJK+KmTpFx8u7EdfKZSerE525NpXjbpULqo=" Size="3449"/></File><File Name="SharpDX.XInput.dll" Size="11776" LfhSize="48"><Block Hash="oFIlXBzQYpyDampoOv5Kkgi4zM9z1u/K6L5LW8rQVUU=" Size="4945"/></File><File Name="Resources.Windows81\Logo.scale-100.png" Size="21390" LfhSize="68"><Block Hash="Vj8tI5hUv27n/rK9QaPLTM2iV978rHwSAjTr4rBkX8o="/></File><File Name="Resources.Windows81\Square310x310Logo.scale-100.png" Size="70152" LfhSize="81"><Block Hash="10FsC/Vd/Uvoi2kjfI8OxKnnoG3wDl5PlpQ5NhTfuZc="/><Block Hash="EsZVYNcXBZibjYYruQgScV2OKh88qjv9C7jJIP//39E="/></File><File Name="Resources.Windows81\SmallLogo.scale-100.png" Size="1933" LfhSize="73"><Block Hash="/D9HMDIZRbfZRaJ4UZ8Luitu11/Q8XLG9bBK1mvJvWo="/></File><File Name="Resources.Windows81\StoreLogo.scale-100.png" Size="3863" LfhSize="73"><Block Hash="P64Cm2BlPnGflYYbQRTVYzSL67KywiFJHfxKqiiCsY0="/></File><File Name="Resources.Windows81\Wide310x150Logo.scale-100.png" Size="79113" LfhSize="79"><Block Hash="+yZ3hySntCVdyGFX78yjQYFp29N3Q/uA2q4IOx+JMno="/><Block Hash="GZalS3O+BNUvepNhWJw9YqPdLnaFvbCF8sIG3GMsqOU="/></File><File Name="Resources.Windows81\SplashScreen.scale-100.png" Size="46283" LfhSize="76"><Block Hash="f+n7w4NqBNxwgemvHw3CR8PYXslT7/pmjYd2O4ysyow="/></File><File Name="Content.pak" Size="18442824" LfhSize="41"><Block Hash="P6fm641R2uUp+MoYVesY8qkuIzoTyZ4tM1MReBF8yCU=" Size="17489"/><Block Hash="vjo8qyU4b50/rdl+tI5+xTjrmRAVEHrrynRfDbVnvvY=" Size="21477"/><Block Hash="gU5DUE3kJ/O1cOAYl6cVCjsrjuHVQ4HT4cU4UUTOsfk=" Size="27399"/><Block Hash="qMt4/3G1TpQyeVeB4fPq8OhC9IogZRIvvVT7Fd+3bxs=" Size="26571"/><Block Hash="AA1Ma3vv5sw/hzhzBq17BcbdUP8rM5g7VqHash4Lmm4=" Size="30376"/><Block Hash="4MfIVTwQFCZh2qvA4/+z9bIlkvrjuePi2BMwE7ymZNE=" Size="26459"/><Block Hash="nq/g9LIUqjYL/L80l0m+a2JeQqqMr3LRH9LNT9cvZ2c=" Size="31417"/><Block Hash="56gh2HcTYdI7mGpr7/m6YmjIml8hwNZVwPvoMappkbQ=" Size="19708"/><Block Hash="FK8mNFi6cVO0kP7Yy4s/+DMH3IfI7NnUs1IvMlVWK40=" Size="14673"/><Block Hash="MTDlNOY/4X4/UqiYgZPoUF+8tmVGV0ZPYD3xKaf4jS0=" Size="20591"/><Block Hash="4RMLS72rcblYbbcSrX/d2++F0ATBuNoG0RS7PBlCkH0=" Size="20977"/><Block Hash="QGXQhkGnNs0+oQFR6CMO2TPef+PP8pvzT+KhDFytlVM=" Size="21999"/><Block Hash="o1/atGVY7nbGwv1kvudU9zeCrtgRpwjEsbu91OnEaZI=" Size="22904"/><Block Hash="Cui3Dv1Ho0Ls2B7Z2rDzmIMi8mr/j6pSoM6IpWqNH24=" Size="27678"/><Block Hash="bqtvhHmsEahMqX5qi9PqY9b0Rqrt6U1ZNbwEqwZCbrI=" Size="25479"/><Block Hash="P1O7vmgQgUPzFOdK5tQsJo/Pt7+SUtV+0fVMExbJSRU=" Size="24419"/><Block Hash="ZqPDVDTWyfXY22bpiB46w3MpgUG4RfORwjyMfjwvV40=" Size="18871"/><Block Hash="ELvCv/lEFTSiy0cTR98WEKncA5vZinE3jB21hmC2n0M=" Size="19767"/><Block Hash="RG4PiaB/Jz39y0gs40LU0krwMqi6JbVqv8OgbAu+zjg=" Size="18679"/><Block Hash="g9NwgOkRb/tIFq0XVwehJkPJArV4jCIzHZeTvZPRjJU=" Size="16778"/><Block Hash="ALiLECadxbyzSELUwIYTD2uS7j+e3rSkjc+J0/naMoE=" Size="14678"/><Block Hash="BHAV2p2ditlKwidTFD2wHEZslHuxiSlvTWEwsOpR/0c=" Size="14490"/><Block Hash="iLZFobxJLFjzGey0efjoogVnk7jvuZS4glrFMheDOjw=" Size="11878"/><Block Hash="rWg0rPbw0ZQXiQpYONrSVSy0qJJKG1uSqwux+4Y37f8=" Size="14503"/><Block Hash="fqu8fAb8hRtBjBFna4Dd6f3eVQkwcDPIOVe2XYgWqkI=" Size="8640"/><Block Hash="F3NAKRVEcQczQft45h3T0aJ1j82PUvtp8Um1CUerKSY=" Size="8883"/><Block Hash="Y09AipWZMxQcF6vrTV5Xo5r/sSl43Vll1KAmioDY3oU=" Size="6669"/><Block Hash="VsA8CyNgxMo6Jn6HmbqxH6qp6OFVtx98Xdpr7Xvqypc=" Size="522"/><Block Hash="Gummvx1hZFrbyVG2T5BePzCkp+t3+8QBn35v68yMg+o=" Size="9477"/><Block Hash="9f0lZP9Qeg3qKM1Q2QqqgemjAdB6SlRSyH70mNNxCpI=" Size="14412"/><Block Hash="tickSU1g5trHdfgR8ZVnoAL9prIQIA9tdeBMqt+orfk=" Size="15208"/><Block Hash="dVJg6wMKQUEDpVO6Di86XSA2OWw5qnbv0UfO+71R0hs=" Size="15977"/><Block Hash="WoMtB6ad0IRA5FsvHdPMbTHH6k6QiI7lEPuObetoXzc=" Size="14502"/><Block Hash="x4qkkFUKfnqIYVmXoq7fepObUEyP02gnCgMN4Jjonug=" Size="16686"/><Block Hash="9Zra9uf8r3gMG+yhNO6Jx5YNPkbPeJR/OYr0rWCj/bs=" Size="14210"/><Block Hash="BVAXlB7st09yGRZS3o70sv4BQPWe7SBv+QKgmXMXS3M=" Size="15362"/><Block Hash="9zdreI2xlTDKhQtdqw4n9LgPlswpoDno0GK4rBkU2h8=" Size="15225"/><Block Hash="o/I3xHLd9fw3tY23aE9RntZuKcWwgaieCRlGX5x788M=" Size="28504"/><Block Hash="GfLVZniiCMVFz8tqozns4tBesAMtcTCkwrGrlQUqozA=" Size="16212"/><Block Hash="fXvcOcsi6QMhE+ikGvfs5krAyS5w7FSura+c8CKVji4=" Size="8470"/><Block Hash="cb+ddW5vT7c5giu2H/tILgatGTPuhIzJEw0efbUAJ9A=" Size="19579"/><Block Hash="p1TfQ+o5meB73t/qetN1E8OtW7rBRQlCvU0m3XfHZUk=" Size="21715"/><Block Hash="6a4swWxCYBvI7xS/OP5c/xqbXeUev/uph6vi0ETiX+U=" Size="23070"/><Block Hash="f8UGTFZ26WmF6RtfRIfsCYzEpRj9XTEXb/6VMb6EJLM=" Size="22075"/><Block Hash="/OEZnOyLsHVfPQwX9E/g4AX2J9jVrZlPScQOQ+r+Ixs=" Size="17140"/><Block Hash="vfS8mR/MznZsRGSAGBxoldtKz9iJF+qid8DMFpDCM5w=" Size="8094"/><Block Hash="rMUjdN2dUcD7XmIGk/6DwNX4BLDiycsnQrRaTkgwhjg=" Size="2612"/><Block Hash="T0YpIjuCyR0XZShSupwmvoo1KHddFtc7hfLyqnJzfPk=" Size="7254"/><Block Hash="rKi1T3mqpnJu7Zmq0s8a4h5s4fBG11Yvh82WJAVX32k=" Size="4396"/><Block Hash="NTcLzFkcPqUPAdTqjsVfjLMr8xGFD0JTpB4Fgjd+uqY=" Size="2272"/><Block Hash="xFcHnTPbsUhioNnZG2nsgfC+wJ1dEADl8wRA/tXHYEA=" Size="8973"/><Block Hash="aL/BggoKWVIj9yqqvr+jziN9YA8P2hFC351R3vJuT3M=" Size="7449"/><Block Hash="6hwQO9WQ1HJuU8oY4YJYNdPKSsLPfLENvtDWb9WPyMY=" Size="8384"/><Block Hash="92d+jCktORPYqsAPX+Qv+9Ie0xPwQntv+xFyDS/te+U=" Size="6255"/><Block Hash="1M7VvKQaFEEQ3NCFFAK2EFqG6OQsHoPAkVwI30llMls=" Size="201"/><Block Hash="XcE1sIUyUJfbUZAdh5oOj0uAISbCKj/ZedsjLoqXfBE=" Size="11326"/><Block Hash="AlDsiq6DgngXYUI8oMti9QGqj80o5NYKVlFwjCOKDVU=" Size="9597"/><Block Hash="CJK6QxqnrJz73zdtBaLidWi3TgmYcZmTlzUbXV5TJCY=" Size="4666"/><Block Hash="MlUrRNqDTf5TryuyNW+rCqmSglGnNjPSfZJo8DdkZAE=" Size="30024"/><Block Hash="JblH31oQgi3vIKaKa2yclEd9BR22A54WwC9pbtWjpEY=" Size="35691"/><Block Hash="rj6L9KRhS43/1SQc4ZU0W+UKrmrWgonzVkuKu6P2RC0=" Size="37428"/><Block Hash="o28iOfdH1F1fbLJj+OJFlZDVB9x81eJTkGn83ENTT8I=" Size="38136"/><Block Hash="0tWeU5uXXtSDAyTOVJERu73yhFpWbdd8Vr7G8+HLH7A=" Size="36434"/><Block Hash="5k8/8x1e6jha+gFJkMS+QAvKoNUuggK4e+bMKpLbpR4=" Size="35632"/><Block Hash="+kTUwbKxnWS+BNHioQN5MVHsakGu/mx+5gNOMYmMPOA=" Size="35305"/><Block Hash="TL4zLjizldlLtmtB6cB9A2MzHtUyqpfg8G/AGN+JZzI=" Size="34781"/><Block Hash="QJysIQok56KEfTDcMIw5zg6IA4XIOOI0B3KFy8IFLrk=" Size="33008"/><Block Hash="XPKCbTrY+h2wekkTCU6lVIST5LaxGA+AuFmyOTkoUNo=" Size="35659"/><Block Hash="/2545L3P6xIWezkmENvkEsqcfUDrCuR+AGpQPVO/+L4=" Size="37464"/><Block Hash="bia8K5alssCwJ34ADydYrIKT2i0cVFk3xRUfathQnds=" Size="38097"/><Block Hash="xVBiCr/kC3Qcd2U47cJmgHHcRNfiNnJW2y+2FbLCzZ8=" Size="36462"/><Block Hash="Qh9wbAHRpOncJKrIfSSn574IKNvlpPwsI73MdMrbEMw=" Size="35672"/><Block Hash="MDo5JMvZOWn2xZkgIvtEzKQHChIu8L3kP3akiaCuWYc=" Size="35330"/><Block Hash="Q+23Px+CYB1TAkE9RrYXyixGeTOMAFTgL6Z3/EfRFl4=" Size="34752"/><Block Hash="qWBXzanGGCnMXjxjlV5eOO0R0PmTa6qdBmVaUdRmaJA=" Size="17168"/><Block Hash="ON4XnWtOigSCw8/cosU64riVnysst8bBdBSEqOTVus8=" Size="6493"/><Block Hash="OZ+WpqN/zKdgmOw4gFYV8Cz74cMeBU3zKtK1Kj/5rj8=" Size="24649"/><Block Hash="oaA5F4NP3Tymd6rFzx/qMy5653AC4qvEjRkZKC6QhaI=" Size="25448"/><Block Hash="FMdsD1Fca6zZl0cbY0t5x072bjydVbpj94896T6hF54=" Size="31684"/><Block Hash="ljUFBC5zVV6KtrWkfOWKY/7xvUIWkpMPHmckeoknu40=" Size="38118"/><Block Hash="GW+e9vnWlzPt6gAivKnPePP5J19+VOTwAeanWe/kRYk=" Size="29277"/><Block Hash="ojNqleOAcMLJHKAkSaeefP+whPEqsCsJ8bjjSnam+lU=" Size="42081"/><Block Hash="WwBj8zpeDP7y5JBrIaUT87jAhWJOigUso4c7AdEj7II=" Size="34596"/><Block Hash="bDDZ+vRBz0bENTEO+lf8XuUHPqrphd899yS2LVKsuCA=" Size="30182"/><Block Hash="RiEzxJ2Pidp8ZMNGO55bUXjURftikuBMJJG9Wg/kUtg=" Size="38821"/><Block Hash="SY0l1G/eknoDSZejd7iOnXUtAKw1tLI0Me2ZXYkRQ1E=" Size="28154"/><Block Hash="rKEIM9pZkL6iX7OSGuJXAcelzARSjXwACGg9/A1vMes=" Size="39223"/><Block Hash="ys2JRDlr2+U70pgkZeXauF0z3aeUv3RdbqlUDNWGJkU=" Size="41290"/><Block Hash="h3Gj1DJ/eo5FRGThUpKp6zOURvoMUHK8s95zkCbFCjE=" Size="36974"/><Block Hash="ZXP9B67EfrMlpvLQlJ9WsJgVzxx51mvYJC+5pBWmzVE=" Size="17607"/><Block Hash="cGlcZFuDXGrsMsujeL/MMENoROF8EERC1HKdqm+rWRw=" Size="35054"/><Block Hash="pnX2PWp19qKhymMEZnD2TiqYJEtrhX/jn/a5sZTq+aw=" Size="41404"/><Block Hash="MyLUZpmYhOU7vaZHci/2l7hp6TE7i4CaGbfjZDZSxG4=" Size="35031"/><Block Hash="/wNtGg61L0ZAOtv6UUyGK7EE/rWKZaOc3zEGktvhvpc=" Size="11006"/><Block Hash="n/Eh1ItkFzciMpOTHBXoVxFxgggp4zr4O1VajOjPtUw=" Size="5804"/><Block Hash="7kL7CWqdalYa8jjAmocjhLFOYXNBZJOw4VFBDJOuuI0=" Size="3529"/><Block Hash="D0thDTPJQnYPQGDF7Oc1cCwh8MUT0O8J6ofCwjC9T9I=" Size="4404"/><Block Hash="OseN45K/CTAqk3NC0zpagmrJIbn3ZGgxh5ZbbKK4jTU=" Size="5479"/><Block Hash="w7zd5UhMe3/z0YMJsn65iJOqq/M18dxOxUVnd3D+Ckw=" Size="4582"/><Block Hash="Gt5dFbhqV3ZcB6eLaABtCOqOTP0j2ni4vW70BtRDyhM=" Size="5750"/><Block Hash="rO+pbo1iLjlKYtICfpBaYgVn5zslT9QfFOE7t5Z5apM=" Size="6767"/><Block Hash="NBc5df7gfkfSTGGPS94zoOlA00HULFAHYIu1wtUqcps=" Size="3480"/><Block Hash="HGL5+fSXCShL30kJXPdd02E0NcoaJX27AObI916Lvcw=" Size="22235"/><Block Hash="5zZmfX2U42DBpPpoZIV1LZy/Uuhoeq0oJAO4KCivqJU=" Size="55078"/><Block Hash="nQpN0fZeCOLrxaSjcw3wrHosy6UcVQNc8jIiz8CZYfc=" Size="55898"/><Block Hash="03zDboYgqP2iKA5+RP5YjaSQjhW7aDtbaPtkDMuStRc=" Size="58301"/><Block Hash="srmRXm5zCgKnqViiNbUAe3zrmsA/cCP2gexrPtuQY3U=" Size="53194"/><Block Hash="BeqVD1gLwwiPSSl11Bso9TJnq9Cxsey1V0IIlAgziNo=" Size="56480"/><Block Hash="DAMK1PaG8rc9rV2GryjBz+odDofP7ZI6JNNvSlACW54=" Size="55840"/><Block Hash="NuXRCNEVEXSHX4K7/TkwKrkeyPxJ/3RGACvoLDeMv1U=" Size="57883"/><Block Hash="6cUuk78hrhP4/r5TK60Vxhi7dVUxfThFQRQcQZX9nF4=" Size="58378"/><Block Hash="lDBwzQ1dS7VblnErR6Om4SYN2CQPQRtgcTtwibY7t1Y=" Size="56648"/><Block Hash="cW3HyvgUAt+10+XWCO04y27vMoj4WImxlSchUY7ItVg=" Size="53654"/><Block Hash="MybKIrrt7VkPGG+CmwKTsgVSkQ5v1BbLtAQSANSF4iE=" Size="57130"/><Block Hash="z6wYwC8n6LftMYjnVQCXZR7PnYUiTArk28qgWbOp1lI=" Size="59750"/><Block Hash="guHcXTU1i9yKM/X8LYHT86l/AJaKkJMLhK1HHfUG6lg=" Size="55662"/><Block Hash="rr3f9MzmxgEkCotBG+C3JJSwIE4vNV7B3jm4ynM2vNE=" Size="59769"/><Block Hash="ph6REVpi2wcHjmvfwzRhExprZs7NkNzJOLRmXDA8Hgs=" Size="57260"/><Block Hash="IKr2Aj7KCTcncDAguzswKDUhnV/VtUcoZ01Lo+oidxI=" Size="59497"/><Block Hash="JYmKLTa+RlDD7Euu5AXGs+ntJZ0cBKzZqkFjB+GPqD8=" Size="61739"/><Block Hash="rXC8TEab6bVkzexEEZjxeqmhPag/ysb6Lp2v8UW67CQ=" Size="59409"/><Block Hash="qQJaenaPEIK1+dFm+FW8q3fNrmYhZW1z9V4VqA45lKk=" Size="60830"/><Block Hash="WCdLhO+If9NahVAQzYZmOsSyk3puh+jJsiNvNoVBV18=" Size="62095"/><Block Hash="2G/CT7YzJAAzYUnVZUZmnnV9ykwxnSOxMxKR6iuUYcg=" Size="60397"/><Block Hash="40s1ndN/xEKMKNbyDejo1+8kPX68nOOeSHEQvDkhblA=" Size="59951"/><Block Hash="PtN4rrq9RrxatvHFdA2DU4HE4aGONABHNWQv3hFjGgk=" Size="60553"/><Block Hash="Mz41FXQk6n/NLmeikg7hWvMn6M8etleULfqO/gC9WJ4=" Size="61581"/><Block Hash="nhKzC8uy9fZL28JFLMFvKRu6vU5O7QEVKBGy4xySV+w=" Size="61108"/><Block Hash="sjLOmnJNZE1cfPzfi+BzlM5Jkv9N8I68FEfoF8BJqCA=" Size="59250"/><Block Hash="Z0UCZaIlxJS/Jj664QWyw0XfHCpr86mrZm+d/bwTI9s=" Size="60834"/><Block Hash="XRh9SiXwoC9N1UtKrVOeOHVHfyRutlN//aSay6xoY3U=" Size="61520"/><Block Hash="vFtrjatvUhYTUL1VThpuGQEnR+jvm76fqgj8iO04OO0=" Size="61453"/><Block Hash="VAZWAKKCMm9H6KgQIteKSusRC3tZt3pyE94pljeYQug=" Size="62232"/><Block Hash="dmn2gvgfLaXMrJEy3X0r9G7YVdddaJ1zOQTVXmv42oo=" Size="60844"/><Block Hash="ILArZ14+xsV+34CtznB0GkelG7tpvX1yQmWiKE19kpo=" Size="60191"/><Block Hash="Ja3e0uv+fV5BV42jFlWQnvTaHlpkWb1Z5SLanb8lSJU=" Size="61009"/><Block Hash="/JvBbexoxoxW6gAfGjsmYvI/2rzMT4hauqxz+knZsQk=" Size="60914"/><Block Hash="MC3SvxUPI6twehvvQRunR+bMH+XUAN9CMpgCun4bKMU=" Size="61299"/><Block Hash="l/k50OXXGzdGzxXWrok4rk8+3Yy+jkh4hSkh7CbF/lY=" Size="62326"/><Block Hash="MCH8PtP1r0A8YWG99INXeZrNg0vrL8uSQufFCX6Q9kY=" Size="62218"/><Block Hash="fqILzV/CstRvRrqX3eNwLpdTRQz0NWvq0vGp4tCAl/U=" Size="64517"/><Block Hash="0D8eNgOtEprKG3y1XKO55cLU/LrX2mb7pNbprZN3NN4=" Size="61654"/><Block Hash="UKIjlC+SAHzoFjbqDKXXbo7s2gn+VKQBVeoHcK1gAx0=" Size="58724"/><Block Hash="/r7hraCRpSKo2CNX7JmyX9PNSuu+laudxWKOyvhpnJs=" Size="60197"/><Block Hash="TUA5uCDfgz0fIm2YHNzRjNQDzpirmDtkMtnDciDEejQ=" Size="61207"/><Block Hash="eovbUj1nk1mBLULkKh7DHyp1U0vuqoO7lhb3YfFpm78=" Size="62856"/><Block Hash="JSSytNkEKxCl5YlONsB4RtwjY6HVdohCPi8ENcTXHDg=" Size="59621"/><Block Hash="+QAgve3d2DyuRN67AGpL8XPMzj3x3mQjuVC5x7iNEwg=" Size="59858"/><Block Hash="ZecO3pbyV7iMb9tzo8MgyT9FCJE8fqq3fNIz6YedAtE=" Size="60701"/><Block Hash="63zuKWA1zjl29F8em0W+mJMMqhExppeRbee3shBZvXk=" Size="61092"/><Block Hash="CWEMBJrIGYyiCztUL0pbGo6NoJX9bm0DGRefx/iKO8w=" Size="61134"/><Block Hash="bE//w314O9sS6IIiEgWHFMMPorbJ88HurjR6hhKePYk=" Size="58301"/><Block Hash="+mj1RZ+w6BwgtjNZi6JuhnU0MeHpFJEiyFzg73ThCG4=" Size="63553"/><Block Hash="vac5j+Y+EiS1cgPCi89yLXCXctm59UqzqGTeCQZHpYY=" Size="62343"/><Block Hash="TRiQl4pMjXZWVKFuwA2HFQ/omV0aZ9fvHumUMs3ZY3s=" Size="60334"/><Block Hash="PTLKBYM0TwEmq8F+nBJJ1YeXvZlYae+B96FaFgjKl0k=" Size="54004"/><Block Hash="XGWumornfB+My4XkWacpMN8aseYo8j6xM3QBif6KZYM=" Size="59906"/><Block Hash="GXTeEkwYBUShu3SB+QUccXA9LtdGNz820GpPOiV43nE=" Size="57093"/><Block Hash="IhNxyZKB8EG3ykotpdWx8nJwodLSknrUkApkabxaYDw=" Size="56956"/><Block Hash="FXJAY7YOj9ZVQxtIRyEMAzEVzxBFlprji0C6JsbDecM=" Size="63132"/><Block Hash="fayX505hNZBBFGB1YknJGj6DqHaBwYvhxXYbR31vToE=" Size="59340"/><Block Hash="Q35gNstw6eRD3/TnQqiSPsHmIyAoxFZactFZRyFEfSY=" Size="61275"/><Block Hash="cJjjiU7F5e0h1a1Q3lB244Q+vi2mU0gNwR1Pb5bGgFQ=" Size="61585"/><Block Hash="m8cU1kXty1dSws9wLC+11U5Rq3ZANqyLAnVUcpYbMX0=" Size="62855"/><Block Hash="yzIoCVehZlMX4ejleRianob3ICxV5ylE5UjjV2oiknE=" Size="63994"/><Block Hash="WUPXmCCWcJyVC0EduilJekJCiqg5rqIfrDSQaaMMZLg=" Size="61764"/><Block Hash="JbbX1Q8lenuy9Je9j6SwVlnsT+waoghWoLfIWF21o1A=" Size="61160"/><Block Hash="fFHYA7CF5GZ7ost+Uqly9KkPmCg8BMrQiRg9zS4WqeU=" Size="65082"/><Block Hash="AlNRlCRV9IsjYylBAIQi+CQt3h/9Iy/JqonxesM68YA=" Size="58942"/><Block Hash="6BJ1PtXamO6aL0xSelji2bWOXc8tkbT0jpzElJzHwtg=" Size="58232"/><Block Hash="1B5018uC87DMTywTv8yAsOtfixe9qj5zol5Tt96G38w=" Size="61218"/><Block Hash="A5rV3zX66+H+cyIM/sW4L3hf0rDPX7m/jR13LEwOaqY=" Size="58111"/><Block Hash="pz007Fi/goSvzwsFoXLaC9HCdbyI2fk7B8bKZQqg2Y4=" Size="60033"/><Block Hash="ZMqm/8ZG+hsry5AOH1rPuEZzqiuWUcegkzQzj1wppfI=" Size="63231"/><Block Hash="dRl6196ydzV/jglJ8+pq6tAZUAfLd+cjhp6Tvcjn/xw=" Size="57840"/><Block Hash="ZPHFslQnuK2TuFxb2kOgX1mKbRlQcSWWDLXfD1ljlZQ=" Size="60632"/><Block Hash="mQlJ7gr8mk9a3GfGZqx8MaKrMsksdaHgL/wk0o9lvOI=" Size="63469"/><Block Hash="+PHK47ldgScrq2vytY4UGWoec1XrXrl6ks6L0/tszqE=" Size="58906"/><Block Hash="Yf9sRYcggHciT7nYfW7HMeP2IF7WUFJ3nPlH3kTCqhk=" Size="60390"/><Block Hash="O7t99UHdSP5SKnf+Rquot4KsqAj5Dv5HZ5QOuLDQrtM=" Size="60591"/><Block Hash="A1nfz/jVPS49ZICdPh8sVAD5dJQr9tifjSdQpD7DxXE=" Size="60122"/><Block Hash="4AQHHkjoCyRHUuTFE5921DQS2mRyaPfwOutADKb0kI0=" Size="59381"/><Block Hash="lZ5RVXhbsasQoOB7nKuEub7VUi3LvwKmpL5caVan0wI=" Size="59632"/><Block Hash="y4TJ2IXDuFpIbQTXNCd/w+Nrdtepv1KC7w1ysjE/324=" Size="59965"/><Block Hash="5/YhSmtS3wPuq56DTfwWlVE6o3uyQrK9BQZwMeCcoPU=" Size="61853"/><Block Hash="HETjOu3WyzYYUzsrN7s5fmicRmd+zFxaNjKTv1/+9sY=" Size="52666"/><Block Hash="oew1Zl2b3+/lnhYIVnhKPKGUpoZUNCa+JVp5sU5d5pA=" Size="53806"/><Block Hash="R/Z1mWgZRBq8yngjVQeOKw54vzsFKR9UUHTdE/9yHho=" Size="50998"/><Block Hash="EsQFmd58uUKekf2v4nLfPDUV5wzDg66gC9Q2SR9MDTk=" Size="57833"/><Block Hash="UeRXpEe5hTkzL4TOEKObJSEaUz8tOihgnsVYjClvSo4=" Size="56544"/><Block Hash="z1YUI2ffAeA4vnSWWuqfapVXMB7jszKfjCpeVgW04mc=" Size="53425"/><Block Hash="ltiOlWNOkpH/G+Uylo33ZNbJ5DT828DWNnoIWn8oXLA=" Size="54807"/><Block Hash="gpWwNthyw+D2ygNmiNaFKS9WBu06+WDzfbxs936IVvk=" Size="55335"/><Block Hash="245eh0GdVMR9oQTy6KzAKSUPb4FZamU73Gu8Vr4GCKE=" Size="45281"/><Block Hash="nlqmfUhnjHP4ptnVP4lEfbleG4oLznWp//Y2c+B3y8w=" Size="50965"/><Block Hash="19xef/7EJeiRxA6gC6RDcmCB38cKQcEhehLMt4WNdog=" Size="58776"/><Block Hash="4LXMFbyWRifQJtqBDFCLoaJ64Mv01YdNeMFaPIm9h30=" Size="39323"/><Block Hash="UY4sw5jIwe7/Mehv6HKerbWiSGbOquNQnjSmXQIK8rY=" Size="6428"/><Block Hash="PvOsKcX/ETOcwz71XGYOITx5UnM0g21a7HQTU9Ycmvw=" Size="6274"/><Block Hash="BNFxvWNeoO2zrkiNTSxwvTpjzLb7yCRSSOJLt4knkHw=" Size="4662"/><Block Hash="ynKwJQ+zFSY3DZOLSk0k88zK57dkIdsvAawKbKZiAFc=" Size="4414"/><Block Hash="c2p/BLcB+TMFnoGP+thx/ax7qcwRQbDAapVcGUdxQss=" Size="5764"/><Block Hash="gEv3SQEvh46YcfnRxapIn5GILxD/9SmIzEvuFQ+MSfs=" Size="3937"/><Block Hash="RtHDB09k14jZpmQ9m0ehwIOSOgJIq2fnoMbq20BDZk8=" Size="4663"/><Block Hash="lXTI+3DlMOLr0+UHOC1/7shu2HI2+Dhpp4b2uHkG300=" Size="4194"/><Block Hash="tjPogoN6krNdxSlhr3BWhujuTeHQbeQj/409IcDENeE=" Size="5866"/><Block Hash="vU8KJg+eE+NpJaj4kR1KPImsrz3nDrryz6JDMMH5jvw=" Size="3870"/><Block Hash="gLetR73/k0n2dyz6o/Is+7LkuZdmOyPd6aP3iqInLGo=" Size="4767"/><Block Hash="UyTWaXzLZbuRqDYQ2ZxwHwHagSujupSigzkmJfzOApc=" Size="4992"/><Block Hash="TzilxWU2ShQ8EQzNbehJ1SSs11eJB4f3jLEGmAGpdvc=" Size="3257"/><Block Hash="mhrFvSNV09r/WN0VAXQHJ5ljPtWinnjjt0dx0O1LqQ8=" Size="4125"/><Block Hash="glfScA9yScPkjh407QnvzTZns9c0Q3dCdIAVNW1x1D8=" Size="4625"/><Block Hash="oX2+LhQeJkU2OGrbdxxCPgGENB91Ji+tlsBs3lJIgQY=" Size="3362"/><Block Hash="JL3kI2CDrQa5enaOPdvRRJ6J3doM59K1inUBmlW2EOg=" Size="3819"/><Block Hash="8S2ZZ6+vWcJYmgFXqUA10aoA6vH/gStD+HLPBnRg5yQ=" Size="3882"/><Block Hash="pQGnWmZi77ZZfOwPNQ2EPiItec0BPddEBGUaWtpEwls=" Size="4949"/><Block Hash="+99JhnKD9ofBGsW3aESr1jA7iT4ncjsXJqY2wtLj5RM=" Size="3246"/><Block Hash="qWJuMQtnHHtDhWQq+79qFaqDg/VychXI9yZApikARnI=" Size="4145"/><Block Hash="NwBZWpqEqkZZoUTWU8tAzsZREn7o5VIrU98yKq10kdU=" Size="4646"/><Block Hash="0elkhPw2nMapm4Ww01cCvzvgYYjx5RaIdFrNPse2EOQ=" Size="3366"/><Block Hash="LEv9Ya0Xlbspr41tSJixaa7U2huKL9xwseM1ThY7HR8=" Size="3860"/><Block Hash="dMFSHWkByfich4N80VHT2BSVkWchq01yXqzBGmJ1Wpc=" Size="3901"/><Block Hash="2eu0AAfOpUh+kNnpFmAQpKD7u/rr0uYR8HCWCrm4szY=" Size="4017"/><Block Hash="nfJHxUeVAdBRNUZ0+d2jbd2sqjD19iZAP1DCavZ48s0=" Size="2887"/><Block Hash="5Sa4JfOH/f3zgi5kgEOEm4jbL25+uxuTguc7e1SYMOc=" Size="3697"/><Block Hash="mPpsxZf8KBf75wj6kAsHn5PK8gpWBuar5GPoKEL7v+k=" Size="2082"/><Block Hash="CttqN4McZIbIgVH9UZHKNF8STfA8subEy7Mbs4lwAQ0=" Size="6070"/><Block Hash="Lwj+2Qyz7qmS7xvRUkLvE0JW1j0syghUh7Yp2Q0ju6o=" Size="1784"/><Block Hash="zvJAi+7IMKXFQba6UxOo3LHuQBwFbOARqY0OdLjTHUk=" Size="4769"/><Block Hash="n4DJHUEu8plHZsFy0h79lh2Pr6N0r09p7Fm7mOw3qGo=" Size="1784"/><Block Hash="6Azy0qTHBBm2RfZIo5hlIYxuDo2CzOpnYuy5IRqRYH0=" Size="3853"/><Block Hash="q6LxcyJs2YAdf04tsq9Yv/5iASEzywJhALnxows0qxI=" Size="3282"/><Block Hash="uZxal25vUDvNne5WzWJ4bv1i2SmmNOYDaxcjrN9ARGg=" Size="4008"/><Block Hash="MJ1aNdZ7zttvVcZX615tHgqi0CgYFCDtqd3z7zXMVLA=" Size="2174"/><Block Hash="NqLkDeZ8aic5WjoePssu3c6zjeCzpsijye8fHQixdao=" Size="5111"/><Block Hash="pCSoBR+ZWu4TKarYTe5x9zmZFAV4z1faMw9h5uCmEEM=" Size="1934"/><Block Hash="Z93SXs5wVAd1K/fQ66l0L3c2fXvGhV4PAA79EhFj8JE=" Size="1730"/><Block Hash="G9JxYK6ho5hKu6KxaipMUB94EOzRBH0kj+gwrYsJrmk=" Size="6034"/><Block Hash="rY7mctLfKOWMSZksoNZBk1JlgI+Vtn8Qzyew4CbPlTI=" Size="2165"/><Block Hash="MQbRJ9QOpNl3FPkXmttG53iJHZTrgxWVcQb+27aZ52U=" Size="2833"/><Block Hash="Vlu4And/qzWrqhUkCurFAiqIXn8TrA49/dQ611FG3sY=" Size="6517"/><Block Hash="DEhK9MDdDa4NhpnCqenu/3UusnIOGjyXxTpEQeefILU=" Size="3064"/><Block Hash="gUGa3H4quQnMoLPUv51b4MYYy2TggFxpH1XSO4KcLoE=" Size="2906"/><Block Hash="yFae/5NlXg2cqHc/1K8tw8Q/rA4tBAoVdrcqRF/EvXQ=" Size="5762"/><Block Hash="vLki0vdf5EgcCA+oLICx30TKohVCcv/6aAeWtKIv62Y=" Size="2661"/><Block Hash="42MSSqZ02dVHfM5dmvhWcuTFxSVnMf/Ij+FdEEg6CbQ=" Size="433"/><Block Hash="IM7rfHEcwmmAUxm40ppQ7Zh3kyQURzn7o/iO15AtA+M=" Size="6085"/><Block Hash="pidX00kECPQXeG9d5jt4AB0SbOdnt2q19Xu04po4G78=" Size="3059"/><Block Hash="Fe743NkCOxDbMcFYoRs5GQSa86XTQKgO3yLT7Yu4N70=" Size="560"/><Block Hash="G0I1wzl9sBVuat0FEoRzh4S/Ss6+HWux3oC3VF7wpv4=" Size="6198"/><Block Hash="jZC0b8JVk0V+Z9Mvoi3k8QRH4qBbKjy/YQazo/nWFso=" Size="2802"/><Block Hash="EIONV0FAFRcA+mZDIeSCsid8GnLDSazaF1B9WHLRutY=" Size="3348"/><Block Hash="ALhoeMyx0i0bXhn3xLsdUg8TMr5hX19mVBT7pvlb+Uo=" Size="2958"/><Block Hash="f1To1HE77ylbYD0jQyTaUZB+bJuOeo8nslOXxECOEyk=" Size="2110"/><Block Hash="KWe1ZxUOzReHvRvUz94298VA7JQNG8h0urZiHxY3flo=" Size="4140"/><Block Hash="cF2rTfBDBqr2R2B7twHHG7dYiY9KeIeVew2g61cIU7g=" Size="5986"/><Block Hash="KhiaIJ4WbG6X5lWHahc4+IQffu0h58zMwSQ/R+OV078=" Size="7104"/><Block Hash="8FEdu3e8P32S5lqy3wUHcLOr0lmDD1NIIPdl8l1JNWA=" Size="13252"/><Block Hash="k4Uw1q7p1iJ6es7U+iK8AJ12W715xoMCzZpvdwhJ1cU=" Size="11956"/><Block Hash="wA5p/ob887PT+XGtBKTI7yRWgnFtxjfrw9y0zzt4Tcw=" Size="11446"/><Block Hash="jQvfRVJ1hW2sf44/6VBbaGULz3eXvL7l6k80PrC79eA=" Size="6997"/><Block Hash="SGVcpedh5zEO2srIAe0SgbEu1ct/YZXqfGMMy+iM5yg=" Size="4504"/><Block Hash="uh7hl5OG9ZTjFi0Cona2UgChIhKHod4AGWWpgva+6eI=" Size="5799"/><Block Hash="9vr8TUR8Iod4eNwj4oeKxeNHVVd8Vfu5J43XaWvlpOY=" Size="5080"/><Block Hash="Mppqwi/qAQfE9brC+UujWLcuv4a3zqSlYp29Cr/29oc=" Size="4949"/><Block Hash="V8GSajMxwUDQOvUGqwFr21tMrhrs2bP52ykdDsXZrYM=" Size="5060"/><Block Hash="oa4SJp1+yC9nqO2/dvQ1hOUkuxyiFo9kNwrAfm6Sjk8=" Size="5160"/><Block Hash="LK2qZ3joNsZwRSwMDO1lQ6VvzqgKYC11pHCma3rvi6A=" Size="7186"/><Block Hash="8bmdq1KykD9wc24UnBkkyIjvTZz38TnBJqPBHtSwwtw=" Size="6132"/><Block Hash="GlWe5WeeJPqPWt+u0MyevtcTS72oaz/8/urjnROXYIA=" Size="6405"/><Block Hash="ZjT8z6c9MtvxGKDu0QDTFvES+bJrWgd5LHf15HO44cM=" Size="2316"/><Block Hash="YxXvtavyxmEN9NKTu31I7z62gJBfU4fu4eWXpd7Pbx0=" Size="12828"/><Block Hash="CIJllS1UnYpHjU8TfMy/CPzlRiHUNtzsJYJ8U99XXBc=" Size="16411"/><Block Hash="TIcq4Hh5FRYgOi2sy9tgP+o7Hmg5dpe4Ed4MBS7YeIo=" Size="16355"/><Block Hash="8vxEv6CUuqoGbPFPPCg1cw1M0HbAIz+O2ifBeANzBAY=" Size="16444"/><Block Hash="ZnRrrudV5JRC2+c9JGhr07YMFiLC4bc9apZNZrvAPbY=" Size="16520"/><Block Hash="x/+gI5oWN4O5jY8PUehO+ziMRQXhIZFFTMWW0+Gg1yQ=" Size="17056"/><Block Hash="gvVwHSB4PAlkgkExPhl0xyVS+j6G7HnyMw6lzRybroY=" Size="16783"/><Block Hash="e+4RkyzI0XDs77cLnh0u1HPYl6308MnmyGUYg5Cx/Fo=" Size="16697"/><Block Hash="/m4dRFKnjFy3j1JhvfSYfR4iImZZfzv0/a9S/i14Zzw=" Size="10944"/><Block Hash="v6iGqpyiSBRx7Qs4Dv+FRq5KI1jwi3ZQIcBIvTCUmGU=" Size="11619"/><Block Hash="bvfchboZiMBQoQIgz/Ki3NFFxSLKQjjx5RVWr87hP38=" Size="5162"/></File><File Name="FJCore.dll" Size="49664" LfhSize="40"><Block Hash="9se2RotbhXYAZXCcrYgGAv7vXjMorNHV5bRT9s1Niog=" Size="24079"/></File><File Name="NVorbis.dll" Size="66048" LfhSize="41"><Block Hash="INWfKBnp55hBreMiqqpdf5taKPG4ZQDx3fDFQdEtO5w=" Size="31564"/><Block Hash="DOIvTjSUgv9AXZk1sUKdGUM9atUPpmW7aEZRKcI0EfM=" Size="21"/></File><File Name="PngCs.dll" Size="80896" LfhSize="39"><Block Hash="cVWXelI3G3iiyk9mCIIoVG9s73JxRglcAVjbqy9oE4g=" Size="28827"/><Block Hash="e27e3IHkLnnAA0Zh1PsiYb6yf8/M1BLFt/KjuauTvVU=" Size="6012"/></File><File Name="Engine.dll" Size="368128" LfhSize="40"><Block Hash="xuHJ0GhScSd/8dEGwQ70yBXZLRvsqsnUolA/hVqere8=" Size="24102"/><Block Hash="ggHGav4D5qDecY60uRRVrDE6wkd+vpSTnxLsYa2+HHI=" Size="25983"/><Block Hash="27X19vxoXznPSHRuAb3D7kH/4lWgYf4nlBmg1QUj4dw=" Size="29095"/><Block Hash="Zph1fEnXqeeiHUy1pYW4ft5+J3bEk3+4jb7q3k6ijCU=" Size="26942"/><Block Hash="ECjC17KkHZSQzxRMdP4CT6KVF0ztFOGJS210/DPPTWs=" Size="15237"/><Block Hash="h+dYxN6rWvkG9g2YOJo91cIq9lhCMaXWD9ClTftVESA=" Size="2184"/></File><File Name="EntitySystem.dll" Size="55808" LfhSize="46"><Block Hash="leyGQQx1Zq3LpqQoaiBbfF3hIhvklzBuUFQ2a1ORCCM=" Size="22931"/></File><File Name="resources.pri" Size="53288" LfhSize="43"><Block Hash="VpBKuRXXRSxIFl/1JeMDM+1/WqEtKnQSr65mwz0vLjs=" Size="16688"/></File><File Name="Survivalcraft.exe" Size="1405440" LfhSize="47"><Block Hash="0rKuFfBzDPYZq+GJc+kVvwa2Mljkng66iFW7MabkBng=" Size="24389"/><Block Hash="hDGSSZKDASSbGBxuQDNq77g44d4l6ajdAvgBDxSwHKM=" Size="25522"/><Block Hash="7vrUL154eDXlSfBWOm0p1nTmDjCkLSi9Avx4wISBbCk=" Size="21931"/><Block Hash="ebRaRw9ei89h0BE/dBL1Rp7si/RfpqTZd4+ZrwAHhjk=" Size="19713"/><Block Hash="baj+sYwrbi28yuzzHxo4a7dE0MJZCt0xQ/+7Yi1ZrHc=" Size="26918"/><Block Hash="VJtcJSOpb5uuNObzUGe0652e0QjbfM8Dooud6P0VeOY=" Size="25322"/><Block Hash="kkNexofKA5ku6F5el/CYaoyCI0VDSOBC4vC8Li3K34Y=" Size="24997"/><Block Hash="9Er2ORuUTZEAo52TZo0w4ch4vJeynFfiFCx6TuhrilA=" Size="25270"/><Block Hash="S0OqfO2p60iVRx40MQkTPzR01SBiLyb6jyzITSDxxD0=" Size="24870"/><Block Hash="fONHKGEwofunGBGUIO6w/C+cIC4m3IucRFcWknfvLBc=" Size="27813"/><Block Hash="F7VH5/zpKgNu2fp8O3Ori+ir8z8aTOjyN2WLgl/3XRM=" Size="25944"/><Block Hash="BRHc1RycSvAoeMpk4JogILRy+aCWTq3Dywnk2RQxxAU=" Size="27538"/><Block Hash="xTivvpXYv4MvznFA78ute2+rCj7wez2hPCB/Vsdh3y8=" Size="26304"/><Block Hash="7b77HB6HfWbpG3VQNrxpZBSXkIGUNN6WpsCjqyd0M3Y=" Size="28577"/><Block Hash="argS8l5DNrIEfHb0EJt1uSd96/tSnGrPl2My76YaurQ=" Size="21022"/><Block Hash="5ltIaZHH02jsS/wAfu12gFDVrM1C+pHqTUtMGrd31Ek=" Size="16903"/><Block Hash="jpiqUONkYC+kIMnFGP1/7//X/sXXgsyZpM6SD9zSh9s=" Size="31633"/><Block Hash="0iqLsby7DxUIt3KInQb3QsGpVEHjQeN4ncwZm9Y3pgY=" Size="19502"/><Block Hash="Z33HN/O3LJFIyCne9rYfy8+Xdkb574f+I1TTESMY23Q=" Size="19327"/><Block Hash="HsElk7Bg3jpQMm5Ui1GCP+ERuZiludKWtYmrWvlZnaQ=" Size="16389"/><Block Hash="SkTs7G3KCgoVbvebne2CDI4qmOvnGx1d8JOEUR1yCt0=" Size="23902"/><Block Hash="vCKYm+gACcU3VK6eWcQQhZAKHcbVz1YHd1Y8GdZPepQ=" Size="12662"/></File><File Name="AppxManifest.xml" Size="3598" LfhSize="46"><Block Hash="lGMjIKzd9ga61+EXiyOUGcfOhdPPo9/j84BYlo3qnFg=" Size="1441"/></File></BlockMap>