﻿<?xml version="1.0" encoding="utf-8"?>
<Package xmlns="http://schemas.microsoft.com/appx/2010/manifest" xmlns:m2="http://schemas.microsoft.com/appx/2013/manifest" xmlns:build="http://schemas.microsoft.com/developer/appx/2012/build" IgnorableNamespaces="build">
  <!--
    THIS PACKAGE MANIFEST FILE IS GENERATED BY THE BUILD PROCESS.

    Changes to this file will be lost when it is regenerated. To correct errors in this file, edit the source .appxmanifest file.

    For more information on package manifest files, see http://go.microsoft.com/fwlink/?LinkID=241727
  -->
  <Identity Name="20961CandyRufusGames.Survivalcraft" Publisher="CN=qnnnn_000" Version="2.2.40.0" ProcessorArchitecture="neutral" />
  <Properties>
    <DisplayName>Survivalcraft 2 Cracked</DisplayName>
    <PublisherDisplayName>qnnnnez</PublisherDisplayName>
    <Logo>Assets\StoreLogo.png</Logo>
  </Properties>
  <Prerequisites>
    <OSMinVersion>6.3.0</OSMinVersion>
    <OSMaxVersionTested>6.3.0</OSMaxVersionTested>
  </Prerequisites>
  <Resources>
    <Resource Language="EN-US" />
  </Resources>
  <Applications>
    <Application Id="App" Executable="Launcher.exe" EntryPoint="Launcher.Program.Main">
      <m2:VisualElements DisplayName="Survivalcraft 2 Cracked" Square150x150Logo="Assets\Logo.png" Square30x30Logo="Assets\SmallLogo.png" Description="Survivalcraft 2启动器" ForegroundText="light" BackgroundColor="#000000">
        <m2:DefaultTile Wide310x150Logo="Assets\Wide310x150Logo.png"></m2:DefaultTile>
        <m2:SplashScreen Image="Assets\SplashScreen.png" BackgroundColor="#000000" />
      </m2:VisualElements>
    </Application>
  </Applications>
  <Capabilities>
    <Capability Name="internetClient" />
    <Capability Name="enterpriseAuthentication" />
    <Capability Name="internetClientServer" />
    <Capability Name="musicLibrary" />
    <Capability Name="picturesLibrary" />
    <Capability Name="privateNetworkClientServer" />
    <Capability Name="removableStorage" />
    <Capability Name="sharedUserCertificates" />
    <Capability Name="videosLibrary" />
    <DeviceCapability Name="location" />
    <DeviceCapability Name="microphone" />
    <DeviceCapability Name="proximity" />
    <DeviceCapability Name="webcam" />
  </Capabilities>
  <Extensions>
    <Extension Category="windows.activatableClass.inProcessServer">
      <InProcessServer>
        <Path>CLRHost.dll</Path>
        <ActivatableClass ActivatableClassId="FlurryWin8SDK.Api" ThreadingModel="both" />
        <ActivatableClass ActivatableClassId="FlurryWin8SDK.Models.Parameter" ThreadingModel="both" />
      </InProcessServer>
    </Extension>
  </Extensions>
  <build:Metadata>
    <build:Item Name="TargetFrameworkMoniker" Value=".NETCore,Version=v4.5.1" />
    <build:Item Name="VisualStudio" Version="14.0" />
    <build:Item Name="VisualStudioEdition" Value="Microsoft Visual Studio Community 2015" />
    <build:Item Name="OperatingSystem" Version="10.0.10586.0 (th2_release.151029-1700)" />
    <build:Item Name="Microsoft.Build.AppxPackage.dll" Version="14.0.24720.0" />
    <build:Item Name="ProjectGUID" Value="{0A68961A-86C2-48D8-AB8C-F0017D7132C0}" />
    <build:Item Name="Microsoft.Windows.UI.Xaml.81.Build.Tasks.dll" Version="14.0.22705.1" />
    <build:Item Name="MakePri.exe" Version="6.3.9600.17336 (winblue.150226-1500)" />
  </build:Metadata>
</Package>