﻿<?xml version="1.0" encoding="utf-8"?>
<Package xmlns="http://schemas.microsoft.com/appx/2010/manifest" xmlns:m2="http://schemas.microsoft.com/appx/2013/manifest" xmlns:build="http://schemas.microsoft.com/developer/appx/2012/build" IgnorableNamespaces="build">
  <!--
    THIS PACKAGE MANIFEST FILE IS GENERATED BY THE BUILD PROCESS.

    Changes to this file will be lost when it is regenerated. To correct errors in this file, edit the source .appxmanifest file.

    For more information on package manifest files, see http://go.microsoft.com/fwlink/?LinkID=241727
  -->
  <Identity Name="20961CandyRufusGames.Survivalcraft" Publisher="CN=qnnnn_000" Version="2.4.40.0" ProcessorArchitecture="neutral" />
  <Properties>
    <DisplayName>Survivalcraft 2 Cracked</DisplayName>
    <PublisherDisplayName>qnnnnez</PublisherDisplayName>
    <Logo>Resources.Windows81\StoreLogo.png</Logo>
  </Properties>
  <Prerequisites>
    <OSMinVersion>6.3.0</OSMinVersion>
    <OSMaxVersionTested>6.3.0</OSMaxVersionTested>
  </Prerequisites>
  <Resources>
    <Resource Language="EN-US" />
  </Resources>
  <Applications>
    <Application Id="App" Executable="Launcher.exe" EntryPoint="Launcher.Program.Main">
      <m2:VisualElements DisplayName="Survivalcraft 2 Cracked" Square150x150Logo="Resources.Windows81\Logo.png" Square30x30Logo="Resources.Windows81\SmallLogo.png" Description="Survivalcraft 2 Cracked" ForegroundText="light" BackgroundColor="#000000">
        <m2:DefaultTile DefaultSize="square150x150Logo" ShortName="Survivalcraft" Wide310x150Logo="Resources.Windows81\Wide310x150Logo.png" Square310x310Logo="Resources.Windows81\Square310x310Logo.png">
          <m2:ShowNameOnTiles>
            <m2:ShowOn Tile="square150x150Logo" />
          </m2:ShowNameOnTiles>
        </m2:DefaultTile>
        <m2:SplashScreen Image="Resources.Windows81\SplashScreen.png" BackgroundColor="#000000" />
        <m2:InitialRotationPreference>
          <m2:Rotation Preference="landscape" />
          <m2:Rotation Preference="landscapeFlipped" />
        </m2:InitialRotationPreference>
      </m2:VisualElements>
    </Application>
  </Applications>
  <Capabilities>
    <Capability Name="internetClient" />
    <Capability Name="picturesLibrary" />
  </Capabilities>
  <build:Metadata>
    <build:Item Name="TargetFrameworkMoniker" Value=".NETCore,Version=v4.5.1" />
    <build:Item Name="VisualStudio" Version="14.0" />
    <build:Item Name="VisualStudioEdition" Value="Microsoft Visual Studio Community 2015" />
    <build:Item Name="OperatingSystem" Version="10.0.22621.1 (WinBuild.160101.0800)" />
    <build:Item Name="Microsoft.Build.AppxPackage.dll" Version="14.0.25431.1" />
    <build:Item Name="ProjectGUID" Value="{0A68961A-86C2-48D8-AB8C-F0017D7132C0}" />
    <build:Item Name="Microsoft.Windows.UI.Xaml.81.Build.Tasks.dll" Version="14.0.22705.1" />
    <build:Item Name="MakePri.exe" Version="6.3.9600.17336 (winblue.150226-1500)" />
  </build:Metadata>
</Package>